[{
"name":"Animal",
"parent":"root"
},
{
"name":"Reptile",
"parent":"Animal"		
},
{
"name":"Mammal",
"parent":"Animal"		
},
{
"name":"Lizard",
"parent":"Reptile"	
},
{
"name":"Snake",
"parent":"Reptile"		
},
{
"name":"Bird",
"parent":"Reptile"	
},
{
"name":"Canary",
"parent":"Bird"		
},
{
"name":"Equine",
"parent":"Mammal"		
},
{
"name":"Bovine",
"parent":"Mammal"		
},
{
"name":"Canine",
"parent":"Mammal"		
},
{
"name":"Cow",
"parent":"Bovine"		
},
{
"name":"Horse",
"parent":"Equine"		
},
{
"name":"Zebra",
"parent":"Equine"		
},
{
"name":"Dog",
"parent":"Canine"		
}]